{"stats":{"minecraft:picked_up":{"minecraft:leather":5,"minecraft:red_carpet":4,"minecraft:chest":1,"minecraft:oak_door":3,"minecraft:torch":20,"minecraft:sand":18,"minecraft:donkey_spawn_egg":1,"minecraft:coal":166,"minecraft:rail":11},"minecraft:used":{"minecraft:oak_trapdoor":29,"minecraft:oak_fence":236,"minecraft:dark_oak_stairs":158,"minecraft:water_bucket":198,"minecraft:netherite_sword":1,"minecraft:jungle_leaves":66,"minecraft:enchanting_table":1,"minecraft:rose_bush":4,"minecraft:cow_spawn_egg":53,"minecraft:cobblestone_stairs":9,"minecraft:dead_bush":3,"minecraft:birch_planks":79,"minecraft:lead":1,"minecraft:spruce_slab":8,"minecraft:powered_rail":39,"minecraft:poppy":4,"minecraft:oak_planks":2915,"minecraft:oak_sign":12,"minecraft:light_gray_carpet":2,"minecraft:black_carpet":59,"minecraft:orange_tulip":20,"minecraft:cactus":10,"minecraft:chest":180,"minecraft:donkey_spawn_egg":5,"minecraft:stone":454,"minecraft:redstone_block":11,"minecraft:sheep_spawn_egg":6,"minecraft:diamond_axe":10,"minecraft:cobblestone_slab":134,"minecraft:horse_spawn_egg":2,"minecraft:oak_leaves":164,"minecraft:oak_door":28,"minecraft:bee_spawn_egg":2,"minecraft:torch":329,"minecraft:dirt":3,"minecraft:sand":21,"minecraft:rail":145,"minecraft:vine":34,"minecraft:white_carpet":1,"minecraft:oak_slab":498,"minecraft:crafting_table":9,"minecraft:red_bed":1,"minecraft:cobblestone_wall":3,"minecraft:stone_stairs":73,"minecraft:campfire":1,"minecraft:white_bed":58,"minecraft:black_bed":1,"minecraft:beehive":4,"minecraft:spruce_fence":47,"minecraft:spruce_log":293,"minecraft:oak_log":685,"minecraft:glass":270,"minecraft:cornflower":24,"minecraft:netherite_shovel":98,"minecraft:oxeye_daisy":3,"minecraft:coal_ore":10,"minecraft:bookshelf":43,"minecraft:villager_spawn_egg":14,"minecraft:yellow_stained_glass":2,"minecraft:grass_block":5172,"minecraft:lantern":25,"minecraft:oak_stairs":36,"minecraft:netherite_axe":31,"minecraft:lectern":28,"minecraft:dark_oak_slab":96,"minecraft:gravel":30,"minecraft:stone_brick_stairs":5,"minecraft:stone_bricks":80,"minecraft:ocelot_spawn_egg":1,"minecraft:red_carpet":37,"minecraft:cobblestone":577,"minecraft:magma_block":10,"minecraft:hay_block":13,"minecraft:furnace":921,"minecraft:smithing_table":1,"minecraft:birch_log":7,"minecraft:minecart":14,"minecraft:glass_pane":422,"minecraft:gold_block":2,"minecraft:yellow_bed":2,"minecraft:bone_meal":28},"minecraft:custom":{"minecraft:interact_with_smithing_table":1,"minecraft:interact_with_furnace":43,"minecraft:mob_kills":12,"minecraft:play_one_minute":308523,"minecraft:leave_game":8,"minecraft:time_since_death":308523,"minecraft:time_since_rest":308523,"minecraft:sprint_one_cm":14830,"minecraft:walk_one_cm":481867,"minecraft:drop":2,"minecraft:damage_dealt":4141,"minecraft:talked_to_villager":2,"minecraft:fly_one_cm":2301466,"minecraft:open_chest":7,"minecraft:crouch_one_cm":23086,"minecraft:sneak_time":23006,"minecraft:jump":446,"minecraft:walk_on_water_one_cm":6642,"minecraft:horse_one_cm":23206},"minecraft:dropped":{"minecraft:oak_door":1,"minecraft:donkey_spawn_egg":1},"minecraft:killed":{"minecraft:horse":1,"minecraft:donkey":6,"minecraft:villager":3,"minecraft:ocelot":1}},"DataVersion":2584}